ride_dist,ride_time,ride_speed,ride_id
0.16399904479128868,0.005413118784843846,30.296590802786092,202601040
0.8927958149972914,0.027176716556519206,32.851496726639176,202601041
2.112530901553437,0.06275155273155196,33.6649980693026,202601042
0.9359989687071946,0.028256901185265703,33.124614853211945,202601043
9.9233345105147,0.28137389675231855,35.26743107677038,202601044
6.648124383059862,0.2566403667585691,25.904437665154965,202601045
2.1409320566935595,0.05514471655099373,38.823883602951966,202601046
2.7664186739800902,0.08614382923996822,32.11395056834266,202601047
5.3367755488786175,0.20223371061423792,26.38914913181092,202601048
5.492225806372404,0.1463732011149141,37.522072104309515,202601049
5.905389971498777,0.2585672519575113,22.838893660320032,2026010410
2.8912031201322517,0.10193761623968675,28.36247527442806,2026010411
8.362864503648499,0.29138839051218024,28.70006072976653,2026010412
4.484489232391608,0.13727883451987694,32.6670112554189,2026010413
5.343471151676944,0.22659254066764797,23.581849322720732,2026010414
1.1325852403919845,0.041420891315026284,27.343333386481614,2026010415
5.610382976459578,0.15591398454259286,35.98383424629189,2026010416
1.9853738081120986,0.06821213047563227,29.10587595297794,2026010417
7.7598767611919754,0.24595942363327022,31.549418381960784,2026010418
4.4055197630448175,0.14843497891675397,29.679795121037763,2026010419
6.064684920631194,0.2167608940931264,27.97868566654666,2026010420
0.8763052130951121,0.028493227627088426,30.754859525356522,2026010421
8.273363243694188,0.25424379739032016,32.541062274147656,2026010422
1.5859167490247572,0.07298153685211908,21.730383017807178,2026010423
9.771140613252529,0.26426810914517335,36.97434641228253,2026010424
9.341993501628924,0.34112958207595845,27.38546872651099,2026010425
2.7509715988723804,0.11327199958601887,24.286422142510954,2026010426
4.334159718962342,0.1454669676467606,29.794803515029205,2026010427
9.179064487830798,0.30082240603398935,30.51323406672598,2026010428
5.723976603319767,0.14561589646496584,39.30873443269235,2026010429
2.5767697456846204,0.09904516554384353,26.016108222303714,2026010430
4.9325311373407565,0.14280092601795108,34.54131058450351,2026010431
1.2887531850222045,0.04011475564214217,32.12666173312838,2026010432
4.055861324417166,0.13048039930062155,31.0840658532369,2026010433
5.70146213749905,0.1846224252638356,30.8817421792144,2026010434
6.9474641666135275,0.44166581480995054,15.73013788627275,2026010435
4.9202103953011935,0.16803463890379505,29.280929380984144,2026010436
7.3112773187120315,0.3213205338443052,22.753844054842403,2026010437
6.800998591827225,0.18468712931108333,36.82443176845182,2026010438
9.540620681998536,0.31180447934404837,30.598087308012385,2026010439
7.340446823460701,0.23346485963634422,31.441334832550492,2026010440
1.9583683897285131,0.056694887120993284,34.542239859286326,2026010441
2.7418609038605926,0.1182521106899664,23.186570521766065,2026010442
9.249555811670747,0.3629063108810129,25.48744823206843,2026010443
7.9841101355273425,0.27348344884200376,29.194125528744173,2026010444
8.522825975398092,0.2618982722555718,32.54250553849071,2026010445
6.646425169133357,0.19866534192872534,33.45538333262919,2026010446
9.715573067779843,0.27507857182882195,35.319265340034285,2026010447
1.1041042185817096,0.030471830412021388,36.23360341839299,2026010448
2.0214887699250363,0.06992227823492496,28.91051065489079,2026010449
1.560208284945267,0.0490391946472075,31.815536453433822,2026010450
2.400455754080355,0.09022809242748833,26.604305704561774,2026010451
7.558377659943682,0.24886419470260768,30.371495059688804,2026010452
8.058899446136289,0.22879090549057543,35.223862718040856,2026010453
1.54586361626327,0.05353534767654228,28.875568822365658,2026010454
9.724799700124708,0.36832160042316364,26.40301217455591,2026010455
4.690839862750261,0.15061950450505018,31.14364157659926,2026010456
9.121159243863803,0.25715553806653957,35.46942567304804,2026010457
3.2476643740891564,0.09616890058289548,33.77042218850928,2026010458
4.624546805397307,0.1702682268578005,27.160362744950042,2026010459
0.5511514479692692,0.014782390621361222,37.28432444295109,2026010460
1.9140883570455436,0.0684516196008171,27.962645269867295,2026010461
1.7937622033238398,0.04398372654533521,40.7824062264247,2026010462
5.222668852559834,0.1501869754214965,34.77444590586185,2026010463
4.468684198062244,0.13963255583435857,32.003168396941,2026010464
4.761847054041281,0.13861253209079108,34.35365462426064,2026010465
6.056473852273864,0.3386782242706846,17.882678655576328,2026010466
9.948835774788817,0.3919727924309404,25.381444750509434,2026010467
2.927984367538844,0.10695110351823095,27.37685045989019,2026010468
3.076028842898506,0.14217533059126694,21.635461159866296,2026010469
8.392897107123808,0.2739945979862933,30.631615253756454,2026010470
1.0264475951519336,0.039099542769735235,26.252163642855926,2026010471
5.0603662155584725,0.19342272119910836,26.162211885900195,2026010472
5.644121404241929,0.16345069145145508,34.5310341248586,2026010473
1.0603207119374158,0.038770317536102473,27.348775540722805,2026010474
3.406402049734182,0.1048175719264027,32.49838731358875,2026010475
8.30251538269984,0.3536199686017341,23.478638425112752,2026010476
7.3165760765115495,0.269542897808972,27.14438457101135,2026010477
7.297696316828905,0.26457637380781346,27.58256987122328,2026010478
3.5300216428658473,0.10188955772476423,34.64556841439578,2026010479
8.27785995130231,0.3047039418295811,27.166894860625273,2026010480
9.30902607504162,0.3023030601179851,30.79368786875139,2026010481
0.9899488607117568,0.026993493258432852,36.673610608085845,2026010482
0.617289005455719,0.03251267550714558,18.986102983744054,2026010483
5.163396076517241,0.20955672653582988,24.639610294897437,2026010484
8.399727545320701,0.2199960782715834,38.181260372065836,2026010485
0.37270864679735505,0.011074163720977165,33.65569231122654,2026010486
8.581554938208267,0.31067498578858704,27.62229123926951,2026010487
7.569313949737417,0.20882444163266048,36.247260572363786,2026010488
3.9562822930095596,0.13080571054462495,30.245486045961705,2026010489
1.5461095307424744,0.06828603771468048,22.64166413055892,2026010490
2.129775570639143,0.08179559167541192,26.037779384134733,2026010491
3.7167256882512065,0.11851635457588183,31.360445581976776,2026010492
2.1194767839497795,0.07799896506537296,27.173139825296282,2026010493
1.5265901084138522,0.035201624261273864,43.36703605160884,2026010494
0.8618512622433805,0.025146301026685913,34.27348067331101,2026010495
0.3663175457388512,0.01885133578442527,19.431914529977128,2026010496
3.0677092458484836,0.09949310668057453,30.83338482632221,2026010497
4.431681909734677,0.1668795674415269,26.556168485321,2026010498
3.6663306300399,0.1151416781651056,31.841907191787,2026010499
5.074169787579381,0.1508912090966872,33.62800137898016,20260104100
3.5780797322189706,0.14359523125398843,24.917817262957247,20260104101
2.2260790865511373,0.07930640865366327,28.069346782207514,20260104102
2.2078166364360987,0.09977918783533135,22.127025528407046,20260104103
5.839183654861597,0.16317207894883748,35.78543395707099,20260104104
3.2694220539068466,0.10968421057620534,29.80759068904771,20260104105
6.2409940796546834,0.16725912720111555,37.31332444507135,20260104106
1.187056605242628,0.04378809333588546,27.109118365512497,20260104107
3.9047058442768847,0.1374871462737199,28.40051561258751,20260104108
2.0287920113449,0.0745881810348056,27.199912683192938,20260104109
6.7161740749834635,0.29747021961285997,22.57763511158922,20260104110
5.337466696694722,0.1627210462816151,32.80132975212913,20260104111
9.646424778666569,0.4076905522929832,23.661143787639826,20260104112
6.55166593145421,0.22392803680188045,29.257908143278964,20260104113
1.4868333167563497,0.04572538560551629,32.51658344849428,20260104114
8.625756290395568,0.27242330969286493,31.66306253352698,20260104115
7.331091121561537,0.20481455405279886,35.7937996909715,20260104116
0.6734221397246731,0.0267040874853524,25.217942387810687,20260104117
0.1772444358400116,0.005870446752474915,30.192665620429537,20260104118
9.577907589755457,0.2836771337100211,33.76341076382326,20260104119
8.290107685329636,0.2608188161105475,31.784929511434825,20260104120
5.306920879539664,0.16789767399549654,31.608066706641868,20260104121
7.957188731885708,0.2570615183363701,30.954414271659164,20260104122
9.297750299864932,0.26355407605579817,35.27833998627464,20260104123
5.4082393275724225,0.16964616103644514,31.879526742786528,20260104124
9.650950008163884,0.287359648545156,33.58491721793474,20260104125
4.889342055094671,0.17483638414905459,27.965243498323115,20260104126
4.726198067963605,0.14529296997838118,32.528745669297265,20260104127
3.060150248230035,0.07451747484519694,41.06620969896269,20260104128
8.283060349383987,0.27537401911883114,30.079309500180656,20260104129
4.284413497134876,0.14409648787348384,29.732948806473164,20260104130
6.474784764918962,0.2512242031100505,25.772933836644064,20260104131
3.681843935284641,0.1333929046128383,27.60149759067684,20260104132
5.931437453325239,0.15875790739022755,37.361524542810606,20260104133
1.9294836240395485,0.06304123802317477,30.606689915103594,20260104134
0.7055247552715638,0.02449285535175836,28.805328947525656,20260104135
8.35780613151821,0.3309900890464359,25.250925656404355,20260104136
4.216644088748275,0.12847433864004,32.8209051969708,20260104137
3.385743331236127,0.12034719658631489,28.13313003770569,20260104138
3.8470709196515527,0.11242524111907595,34.21892522851609,20260104139
9.907933831323906,0.29527867762456594,33.554518433333726,20260104140
7.119747763741188,0.17225191098362283,41.33334558139161,20260104141
8.890587421267393,0.39734878525695116,22.374769349095075,20260104142
9.54146814336254,0.3798889163888487,25.116468872169026,20260104143
9.05102107049452,0.34890625191182434,25.941126078709235,20260104144
9.541878049979541,0.3301764634487721,28.899328408549607,20260104145
6.415282845116545,0.2605038327400691,24.626443218275867,20260104146
7.565584010684837,0.24386148475852948,31.024103778324175,20260104147
0.17549091510761228,0.0045362576860206345,38.68627561622477,20260104148
6.130549614212563,0.1671135013141559,36.68494505831561,20260104149
6.764449769198885,0.20110727630069367,33.63602696843621,20260104150
1.0135127913920927,0.036252812359272475,27.95680460175013,20260104151
5.235433022409891,0.1376386747540957,38.03751403276354,20260104152
5.984748942075844,0.23013417989152293,26.005476217817108,20260104153
8.75332811809599,0.3714030608214852,23.568271351170353,20260104154
0.8398363474477855,0.03582161229596042,23.444962234223425,20260104155
3.2877386801823216,0.15603349811313727,21.07072340196102,20260104156
2.8315555489350306,0.10125670594424056,27.964128622693835,20260104157
8.919155796723388,0.2856728304054511,31.22157533869975,20260104158
4.396967252390781,0.16552719664112528,26.56341279024811,20260104159
7.012645438280964,0.24542605327970116,28.57335374369959,20260104160
2.904723756486245,0.10372852254643831,28.00313438558644,20260104161
5.294483849937992,0.27724500946656816,19.096768811546205,20260104162
1.5232034510833492,0.05027401546144304,30.298026467600323,20260104163
0.076131959448692,0.0025012783595888544,30.43721989471261,20260104164
0.24783780508279452,0.009025520688217293,27.459668383048943,20260104165
7.53323311375421,0.2270060302637526,33.18516739401828,20260104166
6.756712101201819,0.20726664412686135,32.59912915397158,20260104167
1.7264341046045206,0.060039898052773474,28.754780747412845,20260104168
3.666590537246331,0.13150714919045778,27.881301965843093,20260104169
2.2768567683493055,0.06903130196225214,32.98296140487603,20260104170
1.3397954810381585,0.05125897304430675,26.137774548859547,20260104171
7.850070171984233,0.23333946549827786,33.64227373719672,20260104172
0.9277956588975489,0.02933605570906726,31.62646226536799,20260104173
9.378772587363816,0.28409392284337687,33.01292929287475,20260104174
6.12166428334381,0.2879966658378755,21.256024841585955,20260104175
1.1938213848902612,0.03347140240027458,35.666906651048116,20260104176
1.3662055540107787,0.05224047950598619,26.1522399283151,20260104177
0.18686726086330485,0.005716461226850227,32.68932534442621,20260104178
4.350231704815137,0.15128088963468528,28.7559897044506,20260104179
0.22755122038309872,0.007173463887603885,31.72124707790318,20260104180
9.134046560612529,0.3019243715243319,30.252763347646557,20260104181
7.199327148647435,0.31222280763742255,23.058299946517216,20260104182
2.7156217725674914,0.08177476286082412,33.20855576419489,20260104183
5.066304247879279,0.183485088616783,27.611531193472004,20260104184
6.257361486233206,0.21577783911666745,28.999092362075032,20260104185
2.1759371911153194,0.08058353232319146,27.002256272266905,20260104186
6.6176539031120365,0.19064045163687818,34.712747721123705,20260104187
2.4634384479588167,0.08414530097902621,29.27600732657484,20260104188
1.7770244960686632,0.05336997935627387,33.296330961757555,20260104189
2.7255801558624815,0.1017262365533643,26.793286060795896,20260104190
6.9657634342767425,0.2261435591325061,30.802395880730067,20260104191
6.2119735893306505,0.19500850523550653,31.854885415529015,20260104192
0.28862078305133876,0.009216180165563841,31.316747054247834,20260104193
5.209391219314281,0.18684485067982592,27.88083910453065,20260104194
9.598071529270696,0.23501118676717161,40.840913410558706,20260104195
9.173366564231477,0.2712367548325104,33.820514369064995,20260104196
5.967288266326455,0.17375609782206755,34.342899852856796,20260104197
6.42332720245885,0.20190737944515047,31.813236445891228,20260104198
2.0630899048695372,0.05966962080480597,34.57521393706209,20260104199
8.069287120545127,0.27247485183918263,29.614795883282838,20260104200
3.2714228265486955,0.10074226410976006,32.47319142028053,20260104201
9.185736741479646,0.22497476493708846,40.830075960067475,20260104202
6.27822344564313,0.17611514750376908,35.64840125696041,20260104203
9.610950223074774,0.2119076179161995,45.3544347182247,20260104204
3.198318334309741,0.12097825350786687,26.437134291261394,20260104205
0.14011403703159786,0.004962430177363515,28.23496392367155,20260104206
7.031674002322937,0.23933120712001696,29.380514505142564,20260104207
1.633483393142665,0.050387488281190045,32.418432608248395,20260104208
3.6926320978947613,0.14605996419690723,25.281617164554607,20260104209
1.1378682723539546,0.035755561686796986,31.82353230306325,20260104210
2.018927071424409,0.06510476353140317,31.010435518294805,20260104211
6.9351361987168545,0.20105823034910553,34.49317238431422,20260104212
0.2868695166388979,0.009069221393351722,31.631107478442452,20260104213
0.6398542099856808,0.02010616950010629,31.82377478625644,20260104214
5.103898027181594,0.16995135478913184,30.031523040897707,20260104215
8.479732813554177,0.45127290174758944,18.790698002729062,20260104216
1.06618504445537,0.044851519334687937,23.7714365147668,20260104217
9.735652329779551,0.44461126078494073,21.89699899321422,20260104218
8.96498299241268,0.3325246414093606,26.960356845783863,20260104219
2.798141153707545,0.11306771429155055,24.747481376446714,20260104220
0.40484180238887446,0.015325512925816704,26.41619920641581,20260104221
3.7650762973830707,0.10140309215968432,37.12979769348674,20260104222
3.8539315964342347,0.10528258743295153,36.60559348323942,20260104223
9.489549081804459,0.314915174307035,30.13366727305547,20260104224
3.4036862742686758,0.08188216227915796,41.56810445069353,20260104225
6.546653825312127,0.25437162903425997,25.736572314164775,20260104226
6.398859496149505,0.17157389555101824,37.295064471196184,20260104227
3.02476091783211,0.10102349815071983,29.941161939565617,20260104228
4.333797066579095,0.1303713890422721,33.24193366670266,20260104229
5.206265372631601,0.14250558852320044,36.53376282702065,20260104230
2.4837658478501745,0.07661138171871988,32.42032439735087,20260104231
6.430694043381258,0.1819207406062467,35.348877879185835,20260104232
0.6732778011994389,0.02707309117362853,24.86889276446083,20260104233
9.550699942829162,0.35828192417982363,26.656940521608938,20260104234
4.169246140646066,0.17432582899657856,23.91639933476464,20260104235
1.4144233410938478,0.04243119725401692,33.33451405168506,20260104236
6.2477138217570225,0.29060592891118436,21.49892070394222,20260104237
9.366901025832941,0.2914757862351144,32.13612062539314,20260104238
5.50871737248807,0.2586470261119589,21.29820495250367,20260104239
8.438805120580273,0.35540841898966696,23.74396516708745,20260104240
6.0569485128442535,0.17800837208553527,34.02620023924388,20260104241
8.992619286775236,0.28844517783739976,31.176181741698212,20260104242
7.225008683282576,0.2137791550415745,33.796600430371704,20260104243
5.470081558892797,0.17113712442605977,31.963149884852484,20260104244
9.697442932787906,0.47449064858263046,20.437584938197446,20260104245
7.264563414987562,0.24004703818187648,30.263082894126022,20260104246
6.191657098553977,0.2178083428126019,28.42708878181567,20260104247
8.432787426962374,0.23880105158448384,35.313024674763604,20260104248
4.998842069809195,0.18222540491207329,27.432190765174685,20260104249
2.6592064058432117,0.09153282618489304,29.05194252903007,20260104250
7.119685187043706,0.22193732584288794,32.07971061201222,20260104251
8.303077248713349,0.20176811938247993,41.15158169747171,20260104252
0.631465128417914,0.02264333137482551,27.887465760447544,20260104253
9.953883187692698,0.30828642081464724,32.28777693610231,20260104254
1.4600718713416594,0.046505252303238875,31.39584883490616,20260104255
5.256928503652364,0.1920708980552447,27.369729390968597,20260104256
7.327416316007424,0.20289965249568356,36.11349859834435,20260104257
2.429612801105445,0.09674539180541263,25.113473166682812,20260104258
8.433622775753575,0.25279426828779145,33.36160599239691,20260104259
1.2807295353646286,0.04996198883320238,25.634078331836065,20260104260
4.42062602839111,0.156835463349645,28.18639314079035,20260104261
5.308109015368112,0.17359347550083823,30.57781405697175,20260104262
4.9158640874979636,0.18156471416761238,27.07499697854209,20260104263
9.204743261992217,0.2513589121887543,36.61992002527466,20260104264
5.5389790286236416,0.15091318001445178,36.703083376105496,20260104265
1.3724978213025052,0.03446965429474408,39.817568507258954,20260104266
0.920528630674956,0.027893802836348233,33.00118797267116,20260104267
4.83833214271823,0.18799947365895228,25.73588132217537,20260104268
0.8199218154103582,0.02252248195535061,36.40459417553541,20260104269
8.721530827873165,0.26141452463904447,33.36283949759741,20260104270
5.690375616136047,0.1546478492064314,36.79569839047848,20260104271
6.110489378339901,0.2546107670184617,23.99933612350664,20260104272
4.051475019983385,0.12486214825926116,32.44758380715176,20260104273
3.4181402450823906,0.09980575115216687,34.247928657648096,20260104274
4.568928674957657,0.13730818569892253,33.27499123013691,20260104275
2.213389418361269,0.08232171966257072,26.887064889238854,20260104276
5.658218161845845,0.16125051049948239,35.08961394490598,20260104277
3.730584862805099,0.12195683740946935,30.589386721137107,20260104278
9.519744285604865,0.31777636665252834,29.957370291209234,20260104279
3.5756184771585255,0.13278949855582173,26.926967237965854,20260104280
7.767019290078973,0.3100824468497951,25.048239166666992,20260104281
0.8784730499320492,0.03454579724924426,25.42923075689814,20260104282
1.998130198929281,0.07228049012490152,27.644115244327878,20260104283
6.308271510604381,0.22488563704470269,28.051020036243692,20260104284
8.17255053664272,0.28095945719935955,29.088006569018063,20260104285
8.868023336631149,0.2275566397347159,38.970620004625815,20260104286
0.07548319056912112,0.002154104783558012,35.041559326767214,20260104287
0.11214769946868874,0.00311634373415141,35.98694785805678,20260104288
8.16142635041435,0.2492592122142291,32.74272705074549,20260104289
2.7067803111120634,0.09634038795473579,28.0960080042838,20260104290
4.214134544265306,0.12614744277734213,33.406420704885065,20260104291
2.2879744245238554,0.08148720720888049,28.0777130900924,20260104292
6.1753115539177985,0.20805262067931501,29.681488912539134,20260104293
4.288811436381266,0.2400016062775393,17.8699280513217,20260104294
3.204415458427279,0.10282138238758969,31.16487430939311,20260104295
2.9940817343462323,0.11421488767046487,26.214461139118907,20260104296
8.241938563919652,0.27656283018521405,29.80132419964038,20260104297
5.36458693085164,0.2306071323794703,23.262883829733706,20260104298
7.293133582384939,0.23096000786786416,31.577473735441913,20260104299
8.280874529468242,0.32170088054028334,25.740913470801996,20260104300
1.2115392885460796,0.03850793018660608,31.462072427031668,20260104301
3.5986019980155404,0.11703594662044871,30.747835190208022,20260104302
8.159620859043416,0.24201736624143974,33.71502213152452,20260104303
1.733652730234776,0.0661991621967341,26.188439138891475,20260104304
9.06234763346358,0.34473537016098227,26.287838202478916,20260104305
3.5481035097322158,0.09418669935819211,37.67096133434695,20260104306
1.727709681609435,0.06572089127375358,26.28859177233064,20260104307
8.75573983271513,0.46159870769111827,18.968293643001466,20260104308
9.508126400410312,0.35831741378621457,26.53548511623053,20260104309
6.94945277837486,0.1932825598176953,35.95488793675749,20260104310
8.741358069886491,0.29788480082214663,29.344760275652856,20260104311
5.578262210230326,0.19708890047739533,28.303279366410145,20260104312
0.028595085889145944,0.0009843238963564123,29.050484291800625,20260104313
7.246562766612824,0.2592684685150227,27.950034989283466,20260104314
3.8286143518338625,0.12796925530555986,29.918235772272418,20260104315
9.391878668449149,0.296620848184185,31.66290813994745,20260104316
8.8999839985038,0.3135203296663392,28.387262822718757,20260104317
4.708008701272667,0.1521350852601143,30.946238950884393,20260104318
9.362284896690566,0.3662665923981698,25.561394598917698,20260104319
8.400323133322416,0.27369541179752244,30.692232208616286,20260104320
2.8247228542110268,0.0788246788508019,35.83551364107195,20260104321
2.2988065336261965,0.09342570040584787,24.605719022067994,20260104322
0.5288090497014142,0.022599895376702737,23.398738838700144,20260104323
2.791289353001404,0.07958387950543407,35.07355221117126,20260104324
1.9683857195791943,0.058929587836718346,33.40233305267945,20260104325
9.376153393883374,0.31188292847977667,30.06305423508087,20260104326
5.729564370332165,0.19330803111512754,29.639556811376533,20260104327
8.237027944128846,0.3362256852255981,24.49850890660548,20260104328
9.770825752800882,0.3420203840366057,28.56796322337072,20260104329
5.511342062832066,0.17013517547064663,32.39390118819336,20260104330
3.455192980731421,0.12157301411617351,28.42072318310448,20260104331
8.499669811052133,0.32218323050259035,26.38147801110895,20260104332
0.0964157651241393,0.006017229472827416,16.023282070184173,20260104333
4.100297679969583,0.130273574203234,31.474515879735453,20260104334
4.369523618926584,0.12490564615770705,34.98259488934217,20260104335
8.26912566201557,0.2958486585706458,27.950526130376158,20260104336
9.764121039435814,0.30201302667410745,32.33013207066715,20260104337
5.43218894009288,0.2410316205621879,22.53724605685641,20260104338
2.7262313773259796,0.08626412521019561,31.603304046532717,20260104339
9.30063980690344,0.34450368788245966,26.99721406197748,20260104340
4.247077591891592,0.2066618659148976,20.55085282952259,20260104341
0.5761109035090795,0.013797524915532804,41.75465578326389,20260104342
4.607908556373953,0.16933398328273633,27.211953956579084,20260104343
7.426843738027417,0.2804295943031742,26.483808730965137,20260104344
8.144673741504176,0.22225388622652423,36.64581024784877,20260104345
3.94853762090307,0.12077333022032116,32.6937877236633,20260104346
3.3048010906352046,0.11615449113011199,28.451771933065316,20260104347
9.576214229279692,0.2620560209200037,36.54262243492954,20260104348
7.380515538098658,0.3216828565095602,22.9434531208203,20260104349
3.50670009944836,0.13430349045126544,26.110267779829837,20260104350
4.383757030395951,0.15549991710852,28.191378567337896,20260104351
1.3598995884352927,0.048226363391838015,28.198261133358574,20260104352
2.567231329196801,0.07080407762345096,36.25824126754121,20260104353
6.825197153365003,0.26480606451696814,25.77432343105443,20260104354
8.639759976403166,0.25825815868300017,33.453967225903085,20260104355
8.230895780376128,0.32514736070835387,25.314355197116186,20260104356
0.02862357728745879,0.001167299175626779,24.52120063572341,20260104357
8.156324025781192,0.31907150405042584,25.562683982246728,20260104358
4.4289749666938585,0.1445943031454402,30.63035590163586,20260104359
4.79727021353032,0.16404628032864974,29.2433952413885,20260104360
9.624478886215327,0.4808520914303239,20.015466414187213,20260104361
8.730877926696099,0.27577201541940677,31.659767628770375,20260104362
1.7369073900367327,0.08188246207786146,21.21220278385278,20260104363
8.916756259378742,0.2850314296518043,31.2834141493501,20260104364
1.3954769802446687,0.04878268165513742,28.605991571144138,20260104365
5.3028858075906715,0.20773548734682065,25.527106010237645,20260104366
5.946955285894955,0.2383547357891724,24.95001941624985,20260104367
3.3003777662430087,0.08975359521853331,36.77153832341983,20260104368
7.6619099263768975,0.3188773905582772,24.02776162010968,20260104369
5.194329383208089,0.22488179564590907,23.098042988712596,20260104370
11.6833017791563,0.3599153195852478,32.461251698370816,20260104371
7.707210068302697,0.2976759662811503,25.891274208625084,20260104372
13.534722407437405,0.34611548675344456,39.104642598898984,20260104373
22.0602107525766,0.8525408129942699,25.875841269225987,20260104374
2.4222353142414854,0.07983900436855126,30.33899700276834,20260104375
27.880401289387564,0.888323198539578,31.385425186715295,20260104376
5.39462062738414,0.16889559767250298,31.940563885179408,20260104377
7.614826164980491,0.2685219593780153,28.35829956931239,20260104378
25.68627482821945,0.7983546070847655,32.174017160136714,20260104379
8.067975603956013,0.13296407889312503,60.67785879553949,20260104380
8.068818647891407,0.13655711855801025,59.08749930501591,20260104381
4.7726573119173645,0.10579388663594551,45.11278925162168,20260104382
3.480397617919402,0.06778127623364798,51.34747840867096,20260104383
1.8488612495605572,0.05471116612932135,33.793124518501116,20260104384
3.615150343064143,0.06476290915154266,55.821308684649004,20260104385
6.811510842027016,0.22145570665462097,30.75789260490879,20260104386
5.1266496762576885,0.09063862508615339,56.56142369089039,20260104387
3.3303526064860636,0.050835657440909926,65.51213801763419,20260104388
1.1464081292395079,0.02408358535333922,47.60122350638946,20260104389
1.2700406550413434,0.1073350180189657,11.832491189566223,20260104390
4.9645472381608355,0.39898782463264393,12.442853971125043,20260104391
8.583592090530978,0.5310692102058672,16.162850200265947,20260104392
2.7455470581910166,0.20108600651579533,13.653595820827809,20260104393
9.266389335205446,0.8669097456407922,10.68898969218073,20260104394
3.879327907224491,0.24329800120578454,15.944758641659806,20260104395
9.129003807568813,0.8008914944098137,11.39855257708297,20260104396
0.9717380996449121,0.10977150346348746,8.852371234654125,20260104397
7.530235243698692,0.5782448377493425,13.022572363997302,20260104398
7.125532362044966,0.5894984981637977,12.08744786329391,20260104399
